<?xml version="1.0" encoding="utf-8"?>
<doctrine-mapping xmlns="http://doctrine-project.org/schemas/orm/doctrine-mapping" xmlns:xsi="http://www.w3.org/2001/XMLSchema-instance" xsi:schemaLocation="http://doctrine-project.org/schemas/orm/doctrine-mapping http://doctrine-project.org/schemas/orm/doctrine-mapping.xsd">
  <entity name="GCDBundle\Entity\Rdv" table="rdv">
    <id name="idRdv" type="integer" column="id_rdv">
      <generator strategy="IDENTITY"/>
    </id>
    <field name="dateRdv" type="date" column="date_rdv" nullable="false"/>
    <field name="horraireRdv" type="time" column="horraire_rdv" nullable="false"/>
    <field name="idPatient" type="string" column="id_patient" length="50" nullable="false"/>
  </entity>
</doctrine-mapping>
