<?xml version="1.0" encoding="utf-8"?>
<doctrine-mapping xmlns="http://doctrine-project.org/schemas/orm/doctrine-mapping" xmlns:xsi="http://www.w3.org/2001/XMLSchema-instance" xsi:schemaLocation="http://doctrine-project.org/schemas/orm/doctrine-mapping http://doctrine-project.org/schemas/orm/doctrine-mapping.xsd">
  <entity name="GCDBundle\Entity\Secretaire" table="secretaire">
    <id name="idSecretaire" type="integer" column="id_secretaire">
      <generator strategy="IDENTITY"/>
    </id>
    <field name="nomSecretaire" type="string" column="nom_secretaire" length="50" nullable="false"/>
    <field name="prenomSecretaire" type="string" column="prenom_secretaire" length="50" nullable="false"/>
    <field name="emailSecretaire" type="string" column="email_secretaire" length="50" nullable="false"/>
    <field name="pwSecretaire" type="string" column="pw_secretaire" length="50" nullable="false"/>
    <field name="telSecretaire" type="integer" column="tel_secretaire" nullable="false"/>
    <field name="adresseSecretaire" type="string" column="adresse_secretaire" length="50" nullable="false"/>
    <field name="sexe" type="string" column="sexe" length="50" nullable="false"/>
  </entity>
</doctrine-mapping>
